abbr,name,all_rate,all_n,all_prerate,all_pren,all_ppt,all_moved,youth_rate,youth_n,youth_prerate,youth_pren,youth_ppt,youth_moved,working_rate,working_n,working_prerate,working_pren,working_ppt,working_moved,senior_rate,senior_n,senior_prerate,senior_pren,senior_ppt,senior_moved
AL,"Alabama",13.5,678000,29.3,1471000,-15.8,-793000,14.5,161000,25.9,287000,-11.4,-126000,12.6,375000,21.3,634000,-8.7,-259000,15.2,142000,58.7,550000,-43.5,-408000
AK,"Alaska",10.3,74000,18.3,131000,-8,-57000,10.6,19000,15.3,27000,-4.6,-8000,9.6,41000,14,61000,-4.5,-19000,12.8,13000,40.7,43000,-27.9,-29000
AZ,"Arizona",12.7,935000,24.6,1810000,-11.9,-874000,14.4,231000,23.3,374000,-8.9,-143000,12.2,529000,16.7,726000,-4.5,-197000,12.5,175000,50.6,710000,-38.1,-535000
AR,"Arkansas",13.6,409000,28.1,846000,-14.5,-437000,14.5,101000,25.4,176000,-10.9,-75000,13.1,233000,20.3,360000,-7.2,-127000,14,76000,57.1,310000,-43.1,-234000
CA,"California",17.7,6882000,25.7,10012000,-8,-3130000,18.2,1513000,25.5,2120000,-7.3,-608000,16.9,4090000,20.5,4962000,-3.6,-872000,20,1280000,45.9,2930000,-25.8,-1650000
CO,"Colorado",10.4,606000,18.3,1071000,-8,-465000,7.8,95000,13.3,162000,-5.5,-67000,10.2,367000,13.4,484000,-3.2,-117000,14.1,144000,41.7,426000,-27.6,-282000
CT,"Connecticut",10.1,366000,20.5,742000,-10.4,-377000,11.6,84000,20.1,146000,-8.4,-61000,9.7,212000,14.5,317000,-4.8,-105000,9.6,70000,38.8,280000,-29.1,-210000
DE,"Delaware",9.3,96000,22.9,238000,-13.7,-142000,10.2,22000,20.2,44000,-10,-21000,8.7,51000,15.2,90000,-6.5,-38000,9.8,23000,45.1,105000,-35.4,-82000
DC,"District of Columbia",15.2,103000,22.5,152000,-7.2,-49000,18.7,24000,26.9,34000,-8.3,-10000,13,59000,16.4,75000,-3.4,-15000,21.4,20000,45.7,44000,-24.3,-23000
FL,"Florida",16,3657000,27.9,6356000,-11.8,-2699000,17.6,784000,25.7,1146000,-8.1,-362000,15.1,2017000,20,2668000,-4.9,-651000,17.1,856000,50.8,2542000,-33.7,-1687000
GA,"Georgia",13.6,1506000,24,2654000,-10.4,-1148000,14.1,355000,22.3,563000,-8.2,-207000,13,882000,17.8,1206000,-4.8,-324000,15.3,268000,50.5,885000,-35.2,-616000
HI,"Hawaii",10.7,152000,21.9,311000,-11.2,-158000,12.2,37000,24.3,73000,-12.1,-37000,9.7,79000,16.4,134000,-6.7,-55000,12.3,37000,34.7,104000,-22.4,-67000
ID,"Idaho",8.4,165000,20.2,396000,-11.8,-231000,5.8,27000,12.3,58000,-6.5,-30000,8.5,98000,14,161000,-5.4,-63000,11.5,39000,52.1,178000,-40.5,-138000
IL,"Illinois",11.2,1402000,21.1,2643000,-9.9,-1241000,11,296000,19.6,526000,-8.6,-230000,10.7,818000,14.9,1141000,-4.2,-322000,13.1,287000,44.6,975000,-31.4,-688000
IN,"Indiana",9.4,644000,21.2,1448000,-11.8,-804000,9.2,147000,16,254000,-6.8,-108000,9.2,374000,14.3,583000,-5.1,-209000,10.4,124000,51.5,611000,-41.1,-487000
IA,"Iowa",7.5,240000,16.8,538000,-9.3,-298000,6.7,49000,12.4,90000,-5.7,-41000,7.8,146000,10.5,197000,-2.7,-51000,7.6,45000,41.7,251000,-34.1,-205000
KS,"Kansas",8.8,256000,19.6,570000,-10.8,-314000,9.1,62000,17.8,121000,-8.6,-59000,8.5,144000,13,220000,-4.5,-76000,9.3,50000,42.5,230000,-33.2,-180000
KY,"Kentucky",13.9,625000,30.1,1356000,-16.3,-732000,15,153000,27.4,278000,-12.4,-126000,13.6,358000,22.2,587000,-8.7,-229000,13.5,114000,58,491000,-44.5,-377000
LA,"Louisiana",17.7,799000,31.7,1433000,-14,-634000,18.9,200000,31.9,337000,-13,-137000,16.8,456000,25.2,685000,-8.4,-230000,19.1,144000,54.7,411000,-35.5,-267000
ME,"Maine",6.8,94000,23.3,324000,-16.5,-230000,5.2,13000,17.8,44000,-12.6,-31000,6.4,51000,14.7,118000,-8.4,-67000,8.8,30000,47.2,162000,-38.4,-132000
MD,"Maryland",11.3,702000,18.6,1160000,-7.4,-458000,12.2,166000,17.1,233000,-4.9,-67000,10.7,404000,13.6,516000,-3,-112000,12.1,132000,37.8,411000,-25.7,-280000
MA,"Massachusetts",11.7,816000,20.8,1446000,-9.1,-630000,11.6,159000,18.7,256000,-7.1,-97000,10.9,476000,15.3,666000,-4.4,-189000,14.6,181000,42.3,525000,-27.7,-344000
MI,"Michigan",10.6,1056000,23.3,2324000,-12.7,-1269000,10.2,214000,20.6,434000,-10.5,-220000,10.7,642000,16.8,1011000,-6.1,-369000,10.6,200000,46.8,880000,-36.2,-680000
MN,"Minnesota",7.6,439000,18.2,1044000,-10.5,-605000,6.6,83000,12.9,163000,-6.3,-80000,7.1,245000,11.9,411000,-4.8,-166000,10.7,110000,45.6,470000,-34.9,-360000
MS,"Mississippi",16.3,473000,34,988000,-17.7,-515000,17.3,115000,29.4,196000,-12.1,-81000,15.5,267000,26.3,452000,-10.8,-185000,17.5,91000,65.5,340000,-48,-250000
MO,"Missouri",10.1,621000,21.4,1316000,-11.3,-694000,10.8,149000,19.8,272000,-8.9,-123000,9.7,358000,14.7,541000,-5,-183000,10.5,114000,46.3,502000,-35.8,-388000
MT,"Montana",9.4,106000,20.2,229000,-10.8,-122000,8.1,19000,13.9,32000,-5.8,-14000,9,60000,12.9,85000,-3.8,-25000,11.6,28000,46.7,111000,-35.1,-84000
NE,"Nebraska",8.3,164000,17.3,342000,-9,-178000,6.8,33000,11.7,56000,-4.9,-24000,7.9,91000,12,137000,-4,-46000,11.8,41000,43.1,149000,-31.3,-108000
NV,"Nevada",14.7,476000,24.2,783000,-9.5,-307000,15,104000,23.1,160000,-8,-56000,14.7,292000,18.7,372000,-4.1,-81000,14.3,80000,44.9,250000,-30.6,-170000
NH,"New Hampshire",8.6,118000,18.5,255000,-9.9,-137000,7,17000,10.9,27000,-3.9,-10000,7,58000,10.4,86000,-3.4,-28000,14.2,44000,46.4,142000,-32.2,-99000
NJ,"New Jersey",12.3,1138000,21.7,2005000,-9.4,-867000,14,282000,23.2,466000,-9.2,-184000,11,607000,14.9,826000,-4,-219000,14.5,250000,41.5,713000,-26.9,-463000
NM,"New Mexico",12.6,265000,30.9,651000,-18.3,-386000,10.7,49000,28.6,130000,-17.9,-81000,12.7,157000,23.6,292000,-10.9,-134000,14.2,59000,55.1,230000,-40.8,-171000
NY,"New York",14.4,2793000,25.1,4880000,-10.7,-2087000,15.5,618000,25.8,1030000,-10.3,-412000,13.4,1595000,19,2251000,-5.5,-656000,16.1,580000,44.5,1599000,-28.4,-1019000
NC,"North Carolina",14,1509000,26.5,2866000,-12.5,-1356000,15.1,355000,23.7,557000,-8.6,-201000,13.5,880000,19.1,1247000,-5.6,-367000,14.2,274000,54.9,1062000,-40.8,-788000
ND,"North Dakota",8.2,64000,16.8,130000,-8.6,-66000,9.3,17000,14.5,27000,-5.3,-10000,7.4,34000,10.1,47000,-2.7,-13000,10,12000,45.9,56000,-35.9,-44000
OH,"Ohio",9.3,1076000,21.9,2543000,-12.6,-1467000,9.9,259000,17.2,449000,-7.3,-190000,8.6,584000,15,1012000,-6.3,-428000,10.3,232000,47.9,1081000,-37.6,-849000
OK,"Oklahoma",11.7,462000,24.2,960000,-12.6,-498000,11.2,108000,22.9,220000,-11.7,-112000,11.2,266000,17.7,420000,-6.5,-154000,14,88000,50.6,320000,-36.7,-232000
OR,"Oregon",11.2,475000,20.3,862000,-9.1,-387000,11.1,91000,17.4,143000,-6.3,-52000,11.3,291000,14.8,382000,-3.5,-91000,11.2,93000,40.5,336000,-29.3,-244000
PA,"Pennsylvania",10.6,1350000,22.5,2862000,-11.9,-1511000,10.9,286000,20.1,526000,-9.2,-240000,9.8,747000,15.2,1163000,-5.4,-416000,12.8,317000,47.3,1173000,-34.5,-856000
RI,"Rhode Island",9.1,99000,21.2,230000,-12.1,-131000,8.1,17000,15,31000,-6.9,-14000,8.7,59000,14.8,99000,-6,-41000,11.4,23000,48.3,100000,-36.9,-76000
SC,"South Carolina",11.8,632000,25.5,1369000,-13.7,-737000,12.9,147000,22.3,256000,-9.4,-108000,11.3,359000,17.6,559000,-6.3,-200000,12,126000,52.7,555000,-40.7,-428000
SD,"South Dakota",7.9,71000,16.7,150000,-8.8,-79000,7.3,16000,13.2,29000,-6,-13000,7,36000,10,52000,-3,-16000,11.8,19000,43.7,69000,-31.9,-51000
TN,"Tennessee",10.3,731000,22.8,1612000,-12.4,-881000,8.4,131000,16.6,261000,-8.3,-129000,9.9,417000,15.4,653000,-5.6,-235000,14.2,183000,54.3,699000,-40.1,-516000
TX,"Texas",14.3,4369000,24.4,7417000,-10,-3048000,15.8,1194000,25.2,1901000,-9.4,-707000,13.1,2438000,18,3365000,-5,-928000,17.4,737000,50.6,2150000,-33.3,-1413000
UT,"Utah",8.4,286000,15,511000,-6.6,-225000,5.8,54000,11.5,106000,-5.6,-52000,8.6,177000,11.3,233000,-2.7,-56000,12.7,55000,39.8,172000,-27,-117000
VT,"Vermont",9.8,63000,21.8,139000,-12,-77000,8.5,10000,14.1,16000,-5.6,-6000,9.3,35000,14.2,54000,-4.9,-19000,12.2,18000,47.6,69000,-35.4,-52000
VA,"Virginia",10.8,929000,19.8,1709000,-9,-780000,12.2,230000,17.1,322000,-4.9,-92000,9.3,484000,13.6,707000,-4.3,-222000,14.1,215000,44.5,680000,-30.5,-465000
WA,"Washington",10.8,849000,21.3,1679000,-10.5,-829000,9.8,164000,17,284000,-7.2,-119000,10.2,498000,15.3,745000,-5.1,-247000,14.2,187000,49.2,650000,-35.1,-463000
WV,"West Virginia",12.3,215000,30.2,526000,-17.8,-311000,10.3,36000,20.4,72000,-10.1,-36000,12.1,123000,21.7,220000,-9.6,-97000,15,56000,62.8,233000,-47.8,-178000
WI,"Wisconsin",7.7,445000,19.5,1130000,-11.8,-685000,6.5,81000,15.1,188000,-8.6,-107000,8.1,279000,12.7,440000,-4.6,-160000,7.7,84000,45.5,502000,-37.9,-418000
WY,"Wyoming",8.2,47000,19.9,114000,-11.7,-67000,6.1,8000,12.5,16000,-6.4,-8000,8.4,27000,13.8,45000,-5.4,-18000,10.4,12000,46.1,53000,-35.8,-41000
